,May 2020,May 2019,Change,Programming Language,Ratings,Change.1
0,1,2,change,C,17.07%,+2.82%
1,2,1,change,Java,16.28%,+0.28%
2,3,4,change,Python,9.12%,+1.29%
3,4,3,change,C++,6.13%,-1.97%
4,5,6,change,C#,4.29%,+0.30%
5,6,5,change,Visual Basic,4.18%,-1.01%
6,7,7,,JavaScript,2.68%,-0.01%
7,8,9,change,PHP,2.49%,-0.00%
8,9,8,change,SQL,2.09%,-0.47%
9,10,21,change,R,1.85%,+0.90%
10,11,18,change,Swift,1.79%,+0.64%
11,12,19,change,Go,1.27%,+0.15%
12,13,14,change,MATLAB,1.17%,-0.20%
13,14,10,change,Assembly language,1.12%,-0.69%
14,15,15,,Ruby,1.02%,-0.32%
15,16,20,change,PL/SQL,0.99%,-0.03%
16,17,16,change,Classic Visual Basic,0.89%,-0.43%
17,18,13,change,Perl,0.88%,-0.51%
18,19,28,change,Scratch,0.83%,+0.32%
19,20,11,change,Objective-C,0.80%,-0.83%
